feature_set,n_features,fold,regional_acc,random_acc,regional_f1,random_f1,gap_acc
basic,52,frh01,0.5675860292717887,0.5902285528717484,0.41490264966463236,0.4375861422919862,0.022642523599959663
basic,52,frh02,0.5682650528726151,0.5891012011008313,0.40001833940166953,0.43675442471224274,0.020836148228216222
basic,52,frh03,0.5618707587259799,0.5903011943187214,0.3953625824593025,0.4367148888437347,0.0284304355927415
basic,52,frh04,0.5713003972235137,0.5895547344638298,0.4258382518043598,0.4369131379088921,0.01825433724031611
basic + ndvi,58,frh01,0.5595514047994983,0.5950493275551225,0.40803237884014515,0.44602107917794726,0.035497922755624245
basic + ndvi,58,frh02,0.5626115587287817,0.5955938302245042,0.4006367312439742,0.4467364780520803,0.032982271495722526
basic + ndvi,58,frh03,0.5569720684494293,0.5968528168971756,0.3923146365775296,0.4482305708628539,0.03988074844774636
basic + ndvi,58,frh04,0.573910490126508,0.5957700181890849,0.43158351443018134,0.4468215257695812,0.02185952806257696
basic + ndre,58,frh01,0.5684146874055162,0.5907548627674942,0.4147446156153893,0.43874559493906323,0.022340175361978076
basic + ndre,58,frh02,0.5684926149010461,0.591625717353738,0.4004472893591383,0.4385120307384957,0.023133102452691956
basic + ndre,58,frh03,0.5603741036598926,0.5912989643627796,0.39093221871860145,0.4391550492771569,0.030924860702887025
basic + ndre,58,frh04,0.5706234043767995,0.5909331897782236,0.4232756843806034,0.43809138810185627,0.02030978540142414
basic + ndwi,58,frh01,0.5943886406647182,0.6072216436546063,0.4563806944055249,0.47288946878669397,0.012833002989888098
basic + ndwi,58,frh02,0.5829143584528627,0.6078324005660606,0.4368275004574843,0.473648078943806,0.024918042113197925
basic + ndwi,58,frh03,0.5689332876522951,0.6085495669317369,0.4226857243080116,0.47391914503199084,0.03961627927944178
basic + ndwi,58,frh04,0.5871567116092038,0.6078498544057552,0.4576855415596541,0.47398198876058617,0.020693142796551434
basic + evi,58,frh01,0.5594674191778367,0.5980168195204981,0.412041445571583,0.45255639441947887,0.03854940034266141
basic + evi,58,frh02,0.5702419979946096,0.5977556694945989,0.4094261562048774,0.4523456488136147,0.02751367149998929
basic + evi,58,frh03,0.556346959506164,0.5976462244020893,0.3999693370946252,0.45253275593361547,0.04129926489592528
basic + evi,58,frh04,0.5786168138922195,0.5981354148824235,0.4363961620914166,0.4533988005009218,0.01951860099020397
basic + harmonic,117,frh01,0.6606924894458068,0.68287589164735,0.5190943364325039,0.5464183880934617,0.022183402201543134
basic + harmonic,117,frh02,0.6451454619153612,0.6828283115608622,0.5058685910015515,0.5456554230648619,0.03768284964550106
basic + harmonic,117,frh03,0.6436097637208408,0.6825889127311852,0.4742769219766249,0.5461152848580768,0.03897914901034438
basic + harmonic,117,frh04,0.6789504163913834,0.6835914878345201,0.5402832553815734,0.5467059361141074,0.004641071443136635
basic + segment,130,frh01,0.6702332560665614,0.682987872476232,0.5410623848682331,0.5557675410186502,0.012754616409670683
basic + segment,130,frh02,0.6408928965090562,0.6839092311959095,0.5081780922386183,0.5571455650918467,0.043016334686853286
basic + segment,130,frh03,0.643705934327497,0.6829796058207259,0.4877633971660664,0.555930311356585,0.03927367149322891
basic + segment,130,frh04,0.6754186344320193,0.6835751747538764,0.5449713949325057,0.5572680167324325,0.008156540321857086
all,219,frh01,0.6722265148206628,0.693245316401832,0.5446020082189872,0.5722148406369837,0.0210188015811692
all,219,frh02,0.6539706018304521,0.6945619786518372,0.5341669285103555,0.5730565578466054,0.04059137682138514
all,219,frh03,0.636823725288662,0.6940632682378539,0.4808778824769739,0.5730826159717007,0.05723954294919187
all,219,frh04,0.6871640524954935,0.6936321889707262,0.5628265325018045,0.5730107127094228,0.0064681364752327
