outer,inner_val,gamma,macro_f1
frh01,frh02,0.0,0.5554661414793773
frh01,frh02,1.0,0.5449869929215014
frh01,frh02,2.0,0.5380281318655299
frh01,frh02,3.0,0.5318415935239953
frh01,frh03,0.0,0.46206254414782044
frh01,frh03,1.0,0.471085719966868
frh01,frh03,2.0,0.4716146910282689
frh01,frh03,3.0,0.4729687950819928
frh01,frh04,0.0,0.563372465847665
frh01,frh04,1.0,0.559599154272218
frh01,frh04,2.0,0.5569538709031194
frh01,frh04,3.0,0.5552510373732817
frh02,frh01,0.0,0.5533906138002037
frh02,frh01,1.0,0.5431048863294592
frh02,frh01,2.0,0.5388270118401025
frh02,frh01,3.0,0.5330709483545523
frh02,frh03,0.0,0.4602056448446041
frh02,frh03,1.0,0.4673083566052992
frh02,frh03,2.0,0.4728190495978536
frh02,frh03,3.0,0.47404174832277063
frh02,frh04,0.0,0.5659052452873131
frh02,frh04,1.0,0.5657299943625854
frh02,frh04,2.0,0.5629632231442977
frh02,frh04,3.0,0.5630957746376903
frh03,frh01,0.0,0.5627920710166483
frh03,frh01,1.0,0.5602868342252623
frh03,frh01,2.0,0.554596168654112
frh03,frh01,3.0,0.551140189354523
frh03,frh02,0.0,0.5667640308155409
frh03,frh02,1.0,0.5662054100307551
frh03,frh02,2.0,0.5636019700581645
frh03,frh02,3.0,0.5615243882213246
frh03,frh04,0.0,0.5438515387808202
frh03,frh04,1.0,0.5445813564004297
frh03,frh04,2.0,0.542744660934316
frh03,frh04,3.0,0.5442842995913949
frh04,frh01,0.0,0.5579541075727575
frh04,frh01,1.0,0.5500025421002267
frh04,frh01,2.0,0.5429498278620282
frh04,frh01,3.0,0.5409897136266157
frh04,frh02,0.0,0.5729655268087447
frh04,frh02,1.0,0.567694414281293
frh04,frh02,2.0,0.5629802805750733
frh04,frh02,3.0,0.5623463132962624
frh04,frh03,0.0,0.44974848588079747
frh04,frh03,1.0,0.4559318950315627
frh04,frh03,2.0,0.46032114366441385
frh04,frh03,3.0,0.4605879341814513
