fold,split,group,base_acc,drop
frh01,regional,band 0 (b0),0.6734666666666667,0.032799999999999996
frh01,regional,band 1 (b1),0.6734666666666667,0.012833333333333363
frh01,regional,band 2 (b2),0.6734666666666667,0.19999999999999998
frh01,regional,band 3 (b3),0.6734666666666667,0.0012666666666666382
frh01,regional,band 4 (b4),0.6734666666666667,0.0035333333333333328
frh01,regional,band 5 (b5),0.6734666666666667,0.030583333333333296
frh01,regional,band 6 (b6),0.6734666666666667,0.08506666666666662
frh01,regional,band 7 (b7),0.6734666666666667,0.026033333333333297
frh01,regional,band 8 (b8),0.6734666666666667,0.014966666666666684
frh01,regional,band 9 (b9),0.6734666666666667,0.09414999999999996
frh01,regional,band 10 (b10),0.6734666666666667,0.05296666666666666
frh01,regional,band 11 (b11),0.6734666666666667,0.06868333333333332
frh01,regional,band 12 (b12),0.6734666666666667,0.11351666666666665
frh01,regional,index ndvi,0.6734666666666667,-0.0004833333333333911
frh01,regional,index ndre,0.6734666666666667,0.0005499999999999949
frh01,regional,index ndwi,0.6734666666666667,0.08891666666666664
frh01,regional,index evi,0.6734666666666667,0.019366666666666643
frh01,random,band 0 (b0),0.6897666666666666,0.02723333333333333
frh01,random,band 1 (b1),0.6897666666666666,0.007283333333333308
frh01,random,band 2 (b2),0.6897666666666666,0.19811666666666664
frh01,random,band 3 (b3),0.6897666666666666,0.0015666666666666607
frh01,random,band 4 (b4),0.6897666666666666,0.0030833333333332713
frh01,random,band 5 (b5),0.6897666666666666,0.03141666666666665
frh01,random,band 6 (b6),0.6897666666666666,0.08133333333333331
frh01,random,band 7 (b7),0.6897666666666666,0.022183333333333333
frh01,random,band 8 (b8),0.6897666666666666,0.018866666666666587
frh01,random,band 9 (b9),0.6897666666666666,0.10748333333333332
frh01,random,band 10 (b10),0.6897666666666666,0.04871666666666663
frh01,random,band 11 (b11),0.6897666666666666,0.05814999999999998
frh01,random,band 12 (b12),0.6897666666666666,0.13746666666666663
frh01,random,index ndvi,0.6897666666666666,0.006766666666666643
frh01,random,index ndre,0.6897666666666666,0.0
frh01,random,index ndwi,0.6897666666666666,0.07239999999999996
frh01,random,index evi,0.6897666666666666,0.0048499999999999654
frh02,regional,band 0 (b0),0.6544333333333333,0.01934999999999998
frh02,regional,band 1 (b1),0.6544333333333333,0.0031999999999999806
frh02,regional,band 2 (b2),0.6544333333333333,0.18145
frh02,regional,band 3 (b3),0.6544333333333333,-0.00030000000000002247
frh02,regional,band 4 (b4),0.6544333333333333,0.0016166666666666551
frh02,regional,band 5 (b5),0.6544333333333333,0.02068333333333333
frh02,regional,band 6 (b6),0.6544333333333333,0.0804333333333333
frh02,regional,band 7 (b7),0.6544333333333333,0.013749999999999984
frh02,regional,band 8 (b8),0.6544333333333333,0.02301666666666663
frh02,regional,band 9 (b9),0.6544333333333333,0.10466666666666663
frh02,regional,band 10 (b10),0.6544333333333333,0.05526666666666663
frh02,regional,band 11 (b11),0.6544333333333333,0.04859999999999998
frh02,regional,band 12 (b12),0.6544333333333333,0.11499999999999999
frh02,regional,index ndvi,0.6544333333333333,0.0059333333333332905
frh02,regional,index ndre,0.6544333333333333,0.0004833333333333356
frh02,regional,index ndwi,0.6544333333333333,0.04901666666666665
frh02,regional,index evi,0.6544333333333333,0.0031999999999999806
frh02,random,band 0 (b0),0.6941333333333334,0.032250000000000056
frh02,random,band 1 (b1),0.6941333333333334,0.008450000000000013
frh02,random,band 2 (b2),0.6941333333333334,0.2008333333333334
frh02,random,band 3 (b3),0.6941333333333334,0.001133333333333375
frh02,random,band 4 (b4),0.6941333333333334,0.005516666666666725
frh02,random,band 5 (b5),0.6941333333333334,0.033450000000000035
frh02,random,band 6 (b6),0.6941333333333334,0.08628333333333338
frh02,random,band 7 (b7),0.6941333333333334,0.023950000000000027
frh02,random,band 8 (b8),0.6941333333333334,0.018316666666666703
frh02,random,band 9 (b9),0.6941333333333334,0.11663333333333342
frh02,random,band 10 (b10),0.6941333333333334,0.04745000000000005
frh02,random,band 11 (b11),0.6941333333333334,0.08318333333333339
frh02,random,band 12 (b12),0.6941333333333334,0.13788333333333336
frh02,random,index ndvi,0.6941333333333334,0.010083333333333389
frh02,random,index ndre,0.6941333333333334,0.00038333333333340214
frh02,random,index ndwi,0.6941333333333334,0.07193333333333335
frh02,random,index evi,0.6941333333333334,0.0073166666666666935
frh03,regional,band 0 (b0),0.6373666666666666,0.03259999999999996
frh03,regional,band 1 (b1),0.6373666666666666,0.009183333333333321
frh03,regional,band 2 (b2),0.6373666666666666,0.16829999999999998
frh03,regional,band 3 (b3),0.6373666666666666,-0.00011666666666670933
frh03,regional,band 4 (b4),0.6373666666666666,0.0015999999999999903
frh03,regional,band 5 (b5),0.6373666666666666,0.047483333333333266
frh03,regional,band 6 (b6),0.6373666666666666,0.08068333333333333
frh03,regional,band 7 (b7),0.6373666666666666,0.0295333333333333
frh03,regional,band 8 (b8),0.6373666666666666,0.021799999999999986
frh03,regional,band 9 (b9),0.6373666666666666,0.11036666666666661
frh03,regional,band 10 (b10),0.6373666666666666,0.05269999999999997
frh03,regional,band 11 (b11),0.6373666666666666,0.07146666666666662
frh03,regional,band 12 (b12),0.6373666666666666,0.12431666666666669
frh03,regional,index ndvi,0.6373666666666666,0.005749999999999922
frh03,regional,index ndre,0.6373666666666666,-0.0011833333333333695
frh03,regional,index ndwi,0.6373666666666666,0.0612833333333333
frh03,regional,index evi,0.6373666666666666,-0.002566666666666717
frh03,random,band 0 (b0),0.6954666666666667,0.02513333333333334
frh03,random,band 1 (b1),0.6954666666666667,0.005799999999999972
frh03,random,band 2 (b2),0.6954666666666667,0.20068333333333335
frh03,random,band 3 (b3),0.6954666666666667,0.0013833333333333475
frh03,random,band 4 (b4),0.6954666666666667,0.005716666666666648
frh03,random,band 5 (b5),0.6954666666666667,0.03434999999999999
frh03,random,band 6 (b6),0.6954666666666667,0.08455000000000001
frh03,random,band 7 (b7),0.6954666666666667,0.02356666666666668
frh03,random,band 8 (b8),0.6954666666666667,0.022183333333333333
frh03,random,band 9 (b9),0.6954666666666667,0.11203333333333337
frh03,random,band 10 (b10),0.6954666666666667,0.04813333333333336
frh03,random,band 11 (b11),0.6954666666666667,0.07921666666666666
frh03,random,band 12 (b12),0.6954666666666667,0.14005
frh03,random,index ndvi,0.6954666666666667,0.007750000000000035
frh03,random,index ndre,0.6954666666666667,0.0016166666666666551
frh03,random,index ndwi,0.6954666666666667,0.07511666666666666
frh03,random,index evi,0.6954666666666667,0.007950000000000013
frh04,regional,band 0 (b0),0.6866666666666666,0.024249999999999994
frh04,regional,band 1 (b1),0.6866666666666666,0.006500000000000006
frh04,regional,band 2 (b2),0.6866666666666666,0.17243333333333327
frh04,regional,band 3 (b3),0.6866666666666666,0.0012166666666666437
frh04,regional,band 4 (b4),0.6866666666666666,0.0017666666666666386
frh04,regional,band 5 (b5),0.6866666666666666,0.02563333333333334
frh04,regional,band 6 (b6),0.6866666666666666,0.07301666666666667
frh04,regional,band 7 (b7),0.6866666666666666,0.020633333333333337
frh04,regional,band 8 (b8),0.6866666666666666,0.018849999999999978
frh04,regional,band 9 (b9),0.6866666666666666,0.1172833333333333
frh04,regional,band 10 (b10),0.6866666666666666,0.038866666666666605
frh04,regional,band 11 (b11),0.6866666666666666,0.07354999999999995
frh04,regional,band 12 (b12),0.6866666666666666,0.12523333333333336
frh04,regional,index ndvi,0.6866666666666666,0.0038333333333333552
frh04,regional,index ndre,0.6866666666666666,-0.0002666666666666928
frh04,regional,index ndwi,0.6866666666666666,0.053549999999999986
frh04,regional,index evi,0.6866666666666666,0.0071666666666666545
frh04,random,band 0 (b0),0.6943666666666667,0.031783333333333386
frh04,random,band 1 (b1),0.6943666666666667,0.00768333333333332
frh04,random,band 2 (b2),0.6943666666666667,0.19921666666666668
frh04,random,band 3 (b3),0.6943666666666667,0.0023000000000000242
frh04,random,band 4 (b4),0.6943666666666667,0.003916666666666679
frh04,random,band 5 (b5),0.6943666666666667,0.033983333333333365
frh04,random,band 6 (b6),0.6943666666666667,0.08333333333333331
frh04,random,band 7 (b7),0.6943666666666667,0.02371666666666672
frh04,random,band 8 (b8),0.6943666666666667,0.02093333333333336
frh04,random,band 9 (b9),0.6943666666666667,0.11198333333333332
frh04,random,band 10 (b10),0.6943666666666667,0.05115000000000003
frh04,random,band 11 (b11),0.6943666666666667,0.08024999999999999
frh04,random,band 12 (b12),0.6943666666666667,0.13591666666666669
frh04,random,index ndvi,0.6943666666666667,0.007533333333333336
frh04,random,index ndre,0.6943666666666667,0.0015166666666666662
frh04,random,index ndwi,0.6943666666666667,0.06933333333333336
frh04,random,index evi,0.6943666666666667,0.007300000000000029
