round,train,random test,held-out region
0,0.4181958272131995,0.41678144701627085,0.41506254129293063
1,0.46851554843770726,0.4650395852230098,0.458796654012833
2,0.4820632552206391,0.4777326121767953,0.46781111073784165
3,0.4952827443650153,0.48913226055699266,0.4760528997435639
4,0.5092773858047035,0.5017972923035576,0.487015822891121
5,0.5217729339165209,0.5140255988174824,0.49818591057211004
6,0.5314402236535511,0.5236391529770104,0.5079506388506287
7,0.5394152139350501,0.5315226033303099,0.5158340892039284
8,0.5464916793336949,0.5382862453947884,0.5215115172282505
9,0.5532492382324665,0.5449491047132731,0.5277208541897627
10,0.5583843312158252,0.5496746956920975,0.532860774235451
11,0.5633494959182296,0.554568257914245,0.5383030425191206
12,0.5676908143289113,0.5590866843596376,0.5429446478762836
13,0.5721322274804291,0.5634091443544865,0.5468415807213804
14,0.5754795818367617,0.5668917481327197,0.5505593442402661
15,0.5792831819885333,0.5705927145272729,0.5540419480184993
16,0.5826142418521717,0.5739969317252887,0.5575357498796206
17,0.5856659675553373,0.5770540083537699,0.5599601348249179
18,0.5884709480834185,0.5797639444127165,0.5627820517127468
19,0.5931474674866677,0.5840808053661213,0.5665949989361821
20,0.5971349626274172,0.5877985688850069,0.5701671873775209
21,0.6005591338778797,0.591012418673923,0.5728659253535795
22,0.6039995996210367,0.5946685927369235,0.5761245674740485
23,0.6066742242075639,0.5972217556354352,0.5788680977816598
24,0.608876308505958,0.5993101980940863,0.5810573229863047
25,0.6115253274611085,0.6020761245674741,0.5833641280612759
26,0.6140207126279991,0.6042821468964513,0.585614942721806
27,0.6163368583752529,0.6067849184219661,0.5880337286256593
28,0.6188182768341197,0.6090917234969373,0.5900997749185339
29,0.6209761332237722,0.6113313400745792,0.5921546231285204
30,0.6228523276682814,0.6127814918086023,0.5937223547328697
31,0.6245609216165068,0.6145731850707159,0.5953292796273277
32,0.6268956896411255,0.6167904054825815,0.5973505335886496
33,0.6288347342717409,0.6188844469826766,0.5993325942598627
34,0.6302802885521878,0.6202786083022587,0.6004636006315719
35,0.6318887877595771,0.6218799341552725,0.601751380163716
36,0.6335694482917552,0.6234196705524014,0.6031287443589657
37,0.6353432202107576,0.6250601896955241,0.604534103761436
38,0.636549012670132,0.6259896305752455,0.6056875062989217
39,0.6379247334104605,0.6273613957290511,0.6069640877481774
40,0.6392189816873179,0.628576387722422,0.6082462682388775
41,0.6408111864020131,0.630020940415001,0.6093324822790338
42,0.642249757328448,0.6315214835220211,0.6104914838579636
43,0.6433345049849508,0.6325741033135127,0.6117288720171107
44,0.6449546431156932,0.634192226290859,0.613302202662904
45,0.6460999131736318,0.6350936719633599,0.6142708368327343
46,0.64720561089217,0.6359895185944167,0.6146627697338216
47,0.6485533982164513,0.6374284722455515,0.61564260198654
48,0.6500455081903104,0.638738647943472,0.616605637114926
49,0.6513001841277675,0.639746475403411,0.6176638559478618
50,0.6524128652003175,0.6406927134074647,0.6183077457139338
51,0.653434762670714,0.6418573140278384,0.6192875779666521
52,0.6546498662687708,0.6426803731201218,0.6199930571886093
53,0.6556112413377313,0.6435370264610698,0.620670541203346
54,0.6570032565707542,0.6450767628581986,0.6217063638705054
55,0.6578040144974429,0.645737449748603,0.6218911322381608
56,0.6588049619058038,0.6466220982967716,0.6226302057087827
57,0.6598780706389535,0.647501147803496,0.6232572983505225
58,0.6610373074049158,0.6486825455482021,0.6237444149561595
59,0.6619637657038173,0.6496455806765882,0.6247130491259896
60,0.6627947848312239,0.6504126493544304,0.6253289436848412
61,0.6636933097140783,0.6510565391205025,0.6259280411193604
62,0.6647082238304628,0.6520643665804414,0.6264263558078857
63,0.665518292895834,0.652842633341172,0.6269414676207433
64,0.6662212838663573,0.6533465470711415,0.6272326177758367
65,0.6671826589353178,0.6544327611112977,0.628206850987111
66,0.6681393784349372,0.655351003908131,0.6288843350018477
67,0.6688935806682139,0.6561852610833026,0.6293938477732612
68,0.6699457393393282,0.657282673206347,0.6302505011142092
69,0.6707627917587111,0.6581057322986305,0.6306424340152965
70,0.671621744302165,0.6588895981008052,0.6312471304912599
71,0.6721873959771225,0.6592871300433365,0.631359111320142
72,0.6727902922068096,0.6599142226850763,0.6322549579511987
73,0.6734816442539799,0.6605805086169247,0.6321653732880931
74,0.6744081025528814,0.6612243983829968,0.6326412918108419
75,0.6752996440817238,0.6619970661022834,0.6334867470689018
76,0.6759328015121289,0.6624897817493645,0.6339066751772097
77,0.6768196874716301,0.6634416187948623,0.6344777774045083
78,0.6774691393947294,0.6639903248563845,0.6347409323523813
79,0.6780301355003457,0.6645446299593509,0.6351328652534687
80,0.6785259536351849,0.6651661235596467,0.6355527933617764
81,0.6792592058064261,0.6659667864861536,0.6363590553297276
82,0.6799784912696436,0.6665938791278934,0.6365606208217154
83,0.6805441429446011,0.6671313871065274,0.6369469546813585
84,0.681172644805665,0.6676520979608291,0.6371261240075698
85,0.6817429520499636,0.6682008040223514,0.6375348540329895
86,0.6824412874511456,0.6686487273378798,0.6380667629701795
87,0.6833142067026232,0.6693318103940605,0.6385314834100402
88,0.6839101195782985,0.669998096325909,0.6391305808445594
89,0.6844571489758912,0.6702780483981142,0.6394609242897615
90,0.6850414229282135,0.6708267544596365,0.6401552054288306
91,0.685630352449877,0.6713586633968265,0.6406199258686913
92,0.6863496379130944,0.6719969541214543,0.6408662836922319
93,0.6869851231281702,0.6726128486803059,0.6412414194689868
94,0.6878114866862356,0.6734918981870304,0.6420308843126057
95,0.6883631716531694,0.6737998454664562,0.6422380488460375
96,0.688879939850044,0.6743317544036461,0.6426411798300131
97,0.6895270639884727,0.6748356681336155,0.6429939194409917
98,0.6901602214188779,0.6753675770708054,0.6435314274196258
99,0.6905489614588691,0.6760674572513186,0.644080133481148
100,0.6914032584329819,0.6767561393489434,0.6447296222886643
101,0.69189442099848,0.6769801010067076,0.6449423858635401
102,0.6924065336260135,0.6773944300735715,0.6452783283501864
103,0.6928348460054051,0.6778871457206526,0.6456142708368328
104,0.6933958421110213,0.6783126728704045,0.6459110200333703
105,0.6939149380925667,0.6788501808490386,0.646218967312796
106,0.6946784514645257,0.679510867739443,0.6470812196951882
107,0.6950462414424816,0.6799307958477508,0.6475067468449401
108,0.6956793988728867,0.6805074971164937,0.6480106605749096
109,0.6962054782084438,0.6810114108464631,0.6482682164813385
110,0.696820013361484,0.6815377207422089,0.6486377532166493
111,0.6973670427590766,0.682024837347846,0.6492704448998332
112,0.6979163999413398,0.682394374083157,0.6494832084747091
113,0.6984611015542619,0.6830270657663409,0.6499759241217904
114,0.6989266584883832,0.6834805881233132,0.6502558761939956
115,0.6995179157947173,0.6841524730966059,0.6505638234734213
116,0.6998833779880026,0.6843988309201465,0.6506478090950829
117,0.7004327351702658,0.6848075609455662,0.6509781525402851
118,0.700982092352529,0.6852498852196505,0.6515156605189192
119,0.701419715870603,0.6857426008667316,0.651879598212786
120,0.7018270781879593,0.6862241184309246,0.6520867627462179
121,0.7022507349980097,0.6865432637932386,0.6524115071499759
122,0.7028722535050618,0.6871199650619814,0.6527026573050694
123,0.7031446043115228,0.6874895017972923,0.6528762275898365
124,0.7038406119280343,0.6879934155272618,0.6530777930818243
125,0.7041665017819192,0.6884469378842342,0.6536097020190144
126,0.7047950036429831,0.6890068420286447,0.653805668469558
127,0.7053699664566229,0.6894323691783967,0.6541024176660956
128,0.705842506744756,0.689986674281363,0.6543879687797449
129,0.7063359970949248,0.6903842062238945,0.6546959160591707
130,0.7069877768026946,0.6908265304979788,0.6549422738827113
131,0.7075092005689105,0.6912632557306189,0.6551718345819195
132,0.7078374182074662,0.6915768020514887,0.6557653329749946
133,0.70831228628027,0.6921087109886788,0.6561292706688615
134,0.7088313822618153,0.6925118419726544,0.6563252371194052
135,0.7093039225499485,0.6929709633710709,0.6566947738547161
136,0.7099463911190359,0.6934916742253726,0.6568907403052597
137,0.7104422092538751,0.6939787908310098,0.6572546779991266
138,0.7107774102464426,0.6944939026438673,0.6576298137758816
139,0.7112243449031991,0.6948634393791783,0.6579601572210838
140,0.7117504242387562,0.6954121454407005,0.6581393265472951
141,0.7121019197240179,0.6958096773832321,0.6584416747852768
142,0.712497643118021,0.6961960112428752,0.6589567865981344
143,0.7128654330959769,0.6965655479781862,0.6593039271676688
144,0.7133565956614749,0.6970134712937145,0.6596006763642064
145,0.7138989694897263,0.6975509792723485,0.6598582322706352
146,0.7143156429457649,0.6979877045049887,0.6603565469591606
147,0.7148324111426396,0.6987547731828311,0.6606308999899217
148,0.7152281345366428,0.6989731357991512,0.6607764750674685
149,0.7155796300219044,0.6991747012911389,0.6610844223468941
150,0.7160335480326727,0.6995106437777853,0.6612243983829968
151,0.7165572995835594,0.7000257555906428,0.6613027849632143
152,0.7171532124592347,0.7006192539837179,0.6617283121129662
153,0.7177398141962276,0.7010615782578022,0.6621034478897212
154,0.718151832082925,0.7011455638794639,0.6623162114645973
155,0.7184428051667509,0.7015095015733306,0.6624001970862589
156,0.7190200957650614,0.7019854200960796,0.6628929127333401
157,0.7193902135276878,0.7024053482043875,0.6631280724739925
158,0.7199931097573751,0.703082832219124,0.6635815948309649
159,0.7202305437937768,0.7031892140065621,0.6637271699085117
160,0.7206681673118509,0.7035531517004289,0.6640015229392728
161,0.7210313017204657,0.7039954759745132,0.6643710596745838
162,0.72143168068381,0.704415404082821,0.6646286155810126
163,0.7218297318624838,0.7048017379424643,0.6647965868243357
164,0.7222301108258282,0.7051376804291105,0.6649309638189942
165,0.7227375678840204,0.7057591740294062,0.6652333120569758
166,0.7231938136794593,0.7061511069304935,0.6655300612535133
167,0.7236314371975334,0.706554237914469,0.6658324094914951
168,0.7238595600952529,0.7067278081992363,0.6659835836104859
169,0.7243018391826683,0.7070805478102149,0.6660619701907033
170,0.7247604127627778,0.7074892778356345,0.6662859318484675
171,0.7250467302772624,0.707730036617731,0.6665378887134523
172,0.7254424536712656,0.7081163704773743,0.6666722657081108
173,0.7258777494046691,0.7085251005027939,0.6668122417442134
174,0.7262595060906486,0.7088890381966607,0.6668794302415426
175,0.7267087685320757,0.7093369615121892,0.667008208194757
176,0.7270812140793728,0.7096561068745031,0.6673553487642916
177,0.7275071986740939,0.7100816340242551,0.6676912912509378
178,0.7278423996666612,0.7103055956820192,0.6677192864581584
179,0.7282614009073705,0.7105351563812276,0.6678872577014815
180,0.7286128963926322,0.7109214902408707,0.6683015867683453
181,0.729122681235495,0.7111902442301878,0.6684527608873361
182,0.7295090934908157,0.7115261867168341,0.6687047177523209
183,0.729951372578231,0.7117389502917101,0.668715915835209
184,0.7303168347715163,0.7121812745657943,0.6692254286066226
185,0.7307754083516258,0.7125732074668817,0.6694549893058308
186,0.7310826759281459,0.7129315461193044,0.6696453567149304
187,0.7315365939389142,0.713228295315842,0.6698469222069181
188,0.7319136950555526,0.7135586387610441,0.6700372896160177
189,0.732337351865603,0.713984165910796,0.6703396378539994
190,0.7327959254457126,0.7142697170244454,0.6706755803406457
191,0.7331241430842681,0.7145776643038712,0.670697976506422
192,0.7332987269345637,0.7147176403399738,0.6709947257029596
193,0.7337340226679672,0.7152383511942755,0.6711123055732858
194,0.733983095627722,0.715479109976372,0.6714874413500409
195,0.7342833798502304,0.7156638783440274,0.6716386154690317
196,0.7346837588135747,0.7160838064523354,0.6715770260131466
197,0.7349491262660239,0.7162125844055498,0.6717505962979138
198,0.7353099328899679,0.7166325125138576,0.6720753407016719
199,0.7357405730540303,0.716918063627507,0.6722265148206628
